[
    {
      "id": 0,
      "video": "videos/164317_clip_5.mp4",
      "conversations": [
        {
          "from": "human",
          "value": "<video>\nWhat is the current level of student engagement in this video?"
        },
        {
          "from": "gpt",
          "value": "Student appears disengaged with a blank or distracted facial expression, often looking away from the screen indicating barely engagement level"
        }
      ]
    },
    {
      "id": 1,
      "video": "videos/164317_clip_6.mp4",
      "conversations": [
        {
          "from": "human",
          "value": "<video>\nHow to assess student engagement in this video?"
        },
        {
          "from": "gpt",
          "value": "Student shows minimal interaction with the video, indicating a barely engaged level."
        }
      ]
    },
    {
      "id": 2,
      "video": "videos/164317_clip_8.mp4",
      "conversations": [
        {
          "from": "human",
          "value": "<video>\nHow actively is the student engaged in this video?"
        },
        {
          "from": "gpt",
          "value": "The student occasionally glances at the screen and shows limited eye contact during key explanations, indicating a barely engaged level."
        }
      ]
    },
    {
      "id": 3,
      "video": "videos/164322_clip_5.mp4",
      "conversations": [
        {
          "from": "human",
          "value": "<video>\nHow engaged are students in this video?"
        },
        {
          "from": "gpt",
          "value": "Student is visibly attentive, with frequent nodding and engaged facial expressions indicating high engagement."
        }
      ]
    },
    {
      "id": 4,
      "video": "videos/164323_clip_2.mp4",
      "conversations": [
        {
          "from": "human",
          "value": "<video>\nHow actively is the student engaged in this video?"
        },
        {
          "from": "gpt",
          "value": "Student maintains consistent interaction with the video indicating highly engaged level."
        }
      ]
    },
    {
      "id": 5,
      "video": "videos/164326_clip_3.mp4",
      "conversations": [
          {
              "from": "human",
              "value": "<video>\nHow actively is the student engaged in this video?"
            },
          {
              "from": "gpt",
              "value": "The student occasionally glances at the screen and shows limited eye contact during key explanations, indicating a barely engaged level."
          }
      ]
    },
    {
      "id": 6,
      "video": " videos/164326_clip_4.mp4",
      "conversations": [
        {
          "from": "human",
          "value": "<video>\nHow actively is the student engaged in this video?"
        },
        {
          "from": "gpt",
          "value": "The student remains passive and avoids eye contact with the screen during a key explanation, indicating a lack or not engaged level."
        }
      ]
    },
    {
      "id": 7,
      "video": "videos/164327_clip_4.mp4",
      "conversations": [
          {
              "from": "human",
              "value": "<video>\nWhat is the current level of student engagement in this video?"
          },
          {
              "from": "gpt",
              "value": "Student appears disengaged with a blank or distracted facial expression, often looking away from the screen indicating barely engagement level"
          }
      ]
    },
    {
      "id": 8,
      "video": "videos/164396_clip_1.mp4",
      "conversations": [
        {
          "from": "human",
          "value": "<video>\nHow actively is the student engaged in this video?"
        },
        {
          "from": "gpt",
          "value": "Student occasionally nods and looks at the screen, showing moderate engagement level."
        }
      ]
    },
    {
      "id": 9,
      "video": "videos/164413_clip_2.mp4",
      "conversations": [
        {
          "from": "human",
          "value": "<video>\nHow actively is the student engaged in this video?"
        },
        {
          "from": "gpt",
          "value": "Student's body language is relaxed, with occasional shifts in posture, reflecting a standard level of engagement."
        }
      ]
    },
    {
      "id": 10,
      "video": "videos/164420_clip_2.mp4",
      "conversations": [
      {
          "from": "human",
          "value": "<video>\nHow to assess student engagement in this video?"
          },
          {
          "from": "gpt",
          "value": "Student shows minimal interaction with the video, indicating a barely engaged level."
          }
      ]
    }
]  